"","id","batch"
"1","A1SX8IVV82M0LW","con1"
"2","A7SXWHGK8B40R","con1"
"3","AFO9MCOXXSYY7","con1"
"4","AS1KP4SMNONQC","con1"
"5","AD1ILDUXZHASF","con1"
"6","A3SZ5EYLO5ZQ2D","con1"
"7","A5P12YJP805RG","con1"
"8","A104OJ913SFB2V","con1"
"9","A1WZY0K6IE3ASG","con1"
"10","A23KAJRDVCVGOE","con1"
"11","A2DLYBXZNSSJ4S","con1"
"12","A23YQ8J1DNM084","con1"
"13","A3V2XCDF45VN9X","con1"
"14","A2Z0DI2L5GV87Y","con1"
"15","A2EH7IQCDH2Q5D","con1"
"16","A2BEH9YQPHKP6A","con1"
"17","ABNR8ID5Q3CYA","con1"
"18","A1A46CKE3F5JAJ","con1"
"19","A235DXY5FJN0IW","con1"
"20","A2FRKLXGF4118Q","con1"
"21","A2OFN0A5CPLH57","con1"
"22","AS2MFSWNC5CQI","con1"
"23","A3191G66DZEGEB","con1"
"24","A1HPECU3OD1G9D","con1"
"25","A1CRE2Z623JZ6V","con1"
"26","A3CMOHJ8HNNDPL","con1"
"27","A31U7VGTEOY2RG","con1"
"28","AQKC1VIZAZ6VI","con1"
"29","A1OZPLHNIU1519","con1"
"30","AKSLU0C30G3JT","con1"
"31","A1ZEOAAKKV1NLP","con1"
"32","A19OCD2Q0K2U6M","con1"
"33","A1JM5XNB4NCZR6","con1"
"34","A2NZAL7KHOR6VF","con1"
"35","A2CCHNM5S3OLH3","con1"
"36","A2B153AHPWHLH1","con1"
"37","AHMHG8491PRQW","con1"
"38","A2D98V3ZYWDMJO","con1"
"39","A1MF8IRLW6YRF7","con1"
"40","A240OTT1T85UGT","con1"
"41","A1VM06KJPJEYUD","con1"
"42","ALDQRWYZ8KQ9A","con1"
"43","AQUOS2XZESNXB","con1"
"44","A34YDGVZKRJ0LZ","con1"
"45","A24Z9RP5YZZ2TY","con1"
"46","A2O8PM0T20UZE3","con1"
"47","A2GC6RYOYAZAP7","con1"
"48","A334BFWVFS4B41","con1"
"49","A1K4NWMRGD2VE0","con1"
"50","AD3V6XGQWRD6E","con1"
"51","A2EK1HDV4I4GSK","con1"
"52","A19L8SNH73AX1Z","con1"
"53","AWYKYM16CB00Z","con1"
"54","A6JKKANO7F4KD","con1"
"55","A107RJSS561Y7R","con1"
"56","A2WDF40FA670T9","con1"
"57","A1MKEILXWWLBW2","con1"
"58","A2KUBBTFDCUARI","con1"
"59","A36QBKROJ4J9EJ","con1"
"60","A2W0G89O7E9EFO","con1"
"61","A2R6UQCQ8T3RZE","con1"
"62","A1VRG5HKZC0H0C","con1"
"63","A3HCGNV93TJO7R","con1"
"64","A3AY0315YWWNXY","con1"
"65","A3L0DCUXI7X3A9","con1"
"66","A11Q8U6QTT8KGF","con1"
"67","A2T675UCHNTSSW","con1"
"68","A1IFIK8J49WBER","con1"
"69","A23G1L7KYHK9F2","con1"
"70","A10JXOU89D5RXR","con1"
"71","A2IJEKMVEHQ90W","con1"
"72","AK884VX5S74ZW","con1"
"73","A3TD3PWJ8BU2H1","con1"
"74","A2W1C5PDHUF25O","con1"
"75","A3FGT6EU39C6S4","con1"
"76","A3P74FP62XNVYI","con1"
"77","A2ZL5GAZK6S0H1","con1"
"78","AA4O2W236E3FW","con1"
"79","A3OPRR8AXT6OSJ","con1"
"80","A7ERZELTAMWL5","con1"
"81","AO1QGAUZ85T6L","con1"
"82","A2PZ8MVVT6TQJM","con1"
"83","A13FUEPWBCLBUY","con1"
"84","A1Q56N80RJLQ7S","con1"
"85","A1YOMTJHNXI40P","con1"
"86","A122LRCSBAD6DC","con1"
"87","A31I3ZBF684YPQ","con1"
"88","A1DCC43NTK4OKT","con1"
"89","A3N0QZ9ZKUCTCQ","con1"
"90","A3CGQOJC28OVGN","con1"
"91","A7WVKWZKY0IRD","con1"
"92","A1FMVUYV72MUO3","con1"
"93","A2CEGS0NVDBCPT","con1"
"94","A3I40B0FATY8VH","con1"
"95","AZ4NVW69W0R2","con1"
"96","A2NAKIXS3DVGAA","con1"
"97","A3PN17H3QT51O","con1"
"98","A1F4TB5AD4LKLO","con1"
"99","AMA18W8F60Y2J","con1"
"100","A110BZSDZN7E16","con1"
"101","A3AZJGI9D7C0PD","con1"
"102","A29GJGXFU9BQQG","con1"
"103","A1F1X57CUVKKLP","con1"
"104","A14Z1JSAR9JEON","con1"
"105","AONSG5WOC3OX0","con1"
"106","A36470UBRH28GO","con1"
"107","A3GO56JAHRU2Y1","con1"
"108","ATIVK9XUANIUE","con1"
"109","A3HTLXAPOBCVVO","con1"
"110","A1QJ2VPPZG16EG","con1"
"111","A2OLSZ6DD9I239","con1"
"112","A3O4QA82PETU5Q","con1"
"113","AURYD2FH3FUOQ","con1"
"114","A2VGEE0ZIZ8CBQ","con1"
"115","A14PFRHG0A2YY9","con1"
"116","A20ASMCESA51U4","con1"
"117","A27TE0L5XP1H0U","con1"
"118","A2FP41BSPG0Y4A","con1"
"119","A31JM0OGO39IRZ","con1"
"120","A37LMTGP9S8IE8","con1"
"121","A3R5OJR60C6004","con1"
"122","A3MJSYSWX0Q4WQ","con1"
"123","A7EP5KKL8YQPX","con1"
"124","ALJ70B2J04YR7","con1"
"125","A1HNB2243A2PQH","con1"
"126","A207IHY6GERCFO","con1"
"127","A2J7PEUIO2WVUN","con1"
"128","AYJGQBBK6KXZ7","con1"
"129","A2YHOJLEZR8663","con1"
"130","A3V3SQCM8QGYB7","con1"
"131","ABBP9JASL9AGK","con1"
"132","AN45KLUESX3NY","con1"
"133","A1IL81UMEC9OJI","con1"
"134","APY7YO8CH0ZDP","con1"
"135","A1IJ56N5Z4TT46","con1"
"136","A1G5EPLJEGL381","con1"
"137","AQRKP48O0WKBW","con1"
"138","A30RAYNDOWQ61S","con1"
"139","A4J4GGMKJ68L0","con1"
"140","A17FGZ1I5P9RZA","con1"
"141","AJACXA5FC5BYZ","con1"
"142","A3MDU0KP6F46FP","con1"
"143","A18QKM5Z69TLS","con1"
"144","A2W5MSZP0O4Y2P","con1"
"145","A1CE3DR200PXSS","con1"
"146","A2OX8TSRCU6NKD","con1"
"147","A2ER0EVZ7E1Z8G","con1"
"148","A2H2DJL45BZBD","con1"
"149","A34J77QESJXTSS","con1"
"150","A3QC57KUVJP5EW","con1"
"151","A1Z8VN97YAD6XB","con1"
"152","A30CGO77OY7WP0","con1"
"153","AOMFEAWQHU3D8","con1"
"154","A5WWHKD82I8UE","con1"
"155","A1NFBKUYYVUYWF","con1"
"156","A19UBZFVUWL1ES","con1"
"157","A1Z12SGB1WMXHK","con1"
"158","A1LFOS4GL90HWU","con1"
"159","A1N8BW04V76ZSY","con1"
"160","A2APLCDM5WB4D","con1"
"161","AKK6H2YXK4RF6","con1"
"162","A155JNJQ69WMDI","con1"
"163","AXF0OX50YZQC6","con1"
"164","AAF1SJ9FCBF75","con1"
"165","A1B3B409V58ACB","con1"
"166","A12TZ1W76AGOF9","con1"
"167","A2WGW5Y3ZFBDEC","con1"
"168","A3FUDUZVJAENVE","con1"
"169","A395W57ZJI6BE3","con1"
"170","A2CY1TSQ3KKP5Q","con1"
"171","A1X7PC5PH6JWIS","con1"
"172","AS5X6GRDJKWG3","con1"
"173","A3OMY0O6JUXAXL","con1"
"174","A2WX434EAQOE29","con1"
"175","A3HJ1RFM8ZYNGZ","con1"
"176","A30KYNLCW7HHPO","con1"
"177","A3NXT3OVGL7QNR","con1"
"178","A2PXJTMWGUE5DC","con1"
"179","AB8BRFF4ZTZ40","con1"
"180","A2SLEMDA17XTZ1","con1"
"181","A38DHLB88V8DL8","con1"
"182","A3HW4QDJB63OQ2","con1"
"183","A146MSML39KY98","con1"
"184","A1S5SPI4NQPGSI","con1"
"185","A2ML0070M8FDK1","con1"
"186","A1PVL74S10WYD7","con1"
"187","A197CVGP5OG90I","con1"
"188","A377LTGWJKY2IW","con1"
"189","A1C0H8G0YI15MN","con1"
"190","A25L985XCNESXE","con1"
"191","A1F1TBDHPYAAXT","con1"
"192","A18QU0YQB6Q8DF","con1"
"193","A355KG0PBUSD5C","con1"
"194","A3A8P4UR9A0DWQ","con1"
"195","A37OUZOGQKGMW0","con1"
"196","AFTSLCMJASJDR","con1"
"197","A1YFLIT0E5OJG4","con1"
"198","AG2YM9OWQP690","con1"
"199","A8X1YI90JPSGP","con1"
"200","A3E0NS3NXEZTUO","con1"
"201","A37LZED187CKU3","con1"
"202","A3T3WRVSK1N2PR","con1"
"203","A2BC6S46AZH1MX","con1"
"204","A2H1D8VRM4NI6M","con1"
"205","A2NI22SB1OFE1S","con1"
"206","A3VZUPCZB4Q9XW","con1"
"207","A324M5ZRHX7RUV","con1"
"208","A19TD2J8506A4Y","con1"
"209","ARWF605I7RWM7","con1"
"210","A2HYYV0L5HT1IF","con1"
"211","AC85RMKH69DOW","con1"
"212","A2VGFS03KCCR1Q","con1"
"213","A1C5SQZ045W0L5","con1"
"214","A3KB9R1IGO61Q9","con1"
"215","A3CFNUD7VR2E1E","con1"
"216","A20SXG1DHDIDI7","con1"
"217","A15CL9A9FVSJDW","con1"
"218","AF114PN3TN6C3","con1"
"219","A3BWB2PMOZY5MP","con1"
"220","A1XQNSBDAOF66C","con1"
"221","A28Q19NTTP0UIQ","con1"
"222","A1REJE4H1KLBXY","con1"
"223","A2QJZJDCGK0FKR","con1"
"224","A21Y7K669KM1PR","con1"
"225","A17VFZIAVVCCSQ","con1"
"226","A3BP890CXV4UMN","con1"
"227","A2V4ZV1C7T906L","con1"
"228","A2PUL3ZDXOW0VZ","con1"
"229","A3IMB1JAMHP1KK","con1"
"230","A1FHKK0RU69RU","con1"
"231","A3PRQ2GSU42718","con1"
"232","AYW62R027PUT1","con1"
"233","A1OIBI3PWS4R5K","con1"
"234","A3G5OWGKHW6OL5","con1"
"235","A70L26UXLTGLC","con1"
"236","A23FEELMFHLC9K","con1"
"237","AM2W23THD4CI7","con1"
"238","A1DLN7K24ZYCV","con1"
"239","A6Q8KZ37WBAZ1","con1"
"240","A240TA3WEYWMU0","con1"
"241","A3G5IPGLH1IIZN","con1"
"242","A29CR7XAVHZI5E","con1"
"243","A2GIT09BQEUM9M","con1"
"244","A337Y4X67PY4QI","con1"
"245","A12HWPFXQPITHD","con1"
"246","A27INSDNTACWAM","con1"
"247","A129GA7DAJESE2","con1"
"248","A225BMTMXUR5F4","con1"
"249","AUFEOA1SGIGVU","con1"
"250","A3EA4SHCLJ1UZQ","con1"
"251","A1CPJ9Q4UQ0FZ3","con1"
"252","A2NBVTY6FLBEAF","con1"
"253","A1WS9UHL45VZ0X","con1"
"254","AKSJ3C5O3V9RB","con1"
"255","A31681CCEVDIH3","con1"
"256","A1DL3NEZFY4V4E","con1"
"257","A25FH7PXC446RG","con1"
"258","A1QEQOI98976S0","con1"
"259","A20N1NK5X5S88F","con1"
"260","ASCBKU2SM61JU","con1"
"261","A15TFO5B95QVQZ","con1"
"262","A1KMEBRRTN67LP","con1"
"263","A27O7H19C0WQ7T","con1"
"264","A2QFZ2524HID2B","con1"
"265","AOTSROWZG1XS1","con1"
"266","A1FBI9CPTNYMMR","con1"
"267","AUAN582MLI96N","con1"
"268","A2OFJ6VNONYVK7","con1"
"269","A3Z014JO91RTM","con1"
"270","A1F9KLZGHE9DTA","con1"
"271","A1VJ4ZOXP9PUCP","con1"
"272","A16AFSPBIJC9CA","con1"
"273","A2C84POENS2UNY","con1"
"274","A2GSLJEIPG3QD9","con1"
"275","A1KPSS6Z35MDC","con1"
"276","A3GXC3VG37CQ3G","con1"
"277","A12J4IRF5Z06BT","con1"
"278","A2J6S7QR4CGXTW","con1"
"279","A7I3G380E29VE","con1"
"280","A11S8IAAVDXCUS","con1"
"281","A1T6TPNU64ZH9F","con1"
"282","A2PLVB4I0XWUJR","con1"
"283","A12TFFS6M9TOVF","con2"
"284","A1F6MWP9A0XLJQ","con2"
"285","A1KZ0KE93WNN5O","con2"
"286","A1KWIJXTC47YWE","con2"
"287","A2EAJ7834XI2IT","con2"
"288","A34SUZWGLXIWM8","con2"
"289","AOIR8V07FYMH5","con2"
"290","A1XUAXNA6RCLZS","con2"
"291","A3C59PV8Q2TV8A","con2"
"292","A3IR7DFEKLLLO","con2"
"293","A1QCXSZJ3ZLCNY","con2"
"294","A2IQ0QCTQ3KWLT","con2"
"295","AUZXHSWDT1PYQ","con2"
"296","A1YVMDRR9W1LZ1","con2"
"297","A2VAL2BRKVSUB5","lib1"
"298","A2TXZVXQU5FQZ9","lib1"
"299","ADJ9I7ZBFYFH7","lib1"
"300","A1969Q0R4Y0E3J","lib1"
"301","AMTTB8JUWRRM7","lib1"
"302","A2615YW1YERQBO","lib1"
"303","A1DZMZTXWOM9MR","lib1"
"304","A26B6SWLH19YX6","lib1"
"305","AHYTT3T8W9Y9Y","lib1"
"306","A8KX1HFH8NE2Q","lib1"
"307","A3T9WZOUQGE2UW","lib2"
"308","ATG26IZHQX5H8","lib2"
"309","A6MWJK1YEY5L2","lib2"
"310","AGKCK081EU63R","lib2"
"311","A2FYFCD16Z3PCC","lib2"
"312","AUFUUD4WG9CVO","lib2"
"313","A3EYRDEQ7CXUMN","lib2"
"314","A1TPGXT718D68E","lib2"
"315","A1D7IULWFI8PB1","lib2"
"316","A37S96RT1P1IT2","lib2"
"317","A3KF6O09H04SP7","lib2"
"318","A11JC9IZ7WY72T","lib2"
"319","A2AFAWJX5LTUVN","lib2"
"320","A1R8A8BK2VN7RH","lib2"
"321","A15R4L3EO5EAI9","lib2"
"322","A2DVV59R1CQU6T","lib2"
"323","A3OLRWACCCCUTU","lib2"
"324","A3UUH3632AI3ZX","lib2"
"325","A2QX3YJXAAHHVV","lib2"
"326","A2THN8O1IQIRP7","lib2"
"327","A34LSCB90T5KYE","lib2"
"328","A13GUTDMGGZZDL","lib2"
"329","A1ZLLYRW6GIVC7","lib2"
"330","A33Z6BHAJUGCHY","lib2"
"331","A28A7NZUJWGZ7Q","lib2"
"332","A150MDVC0C92OT","lib2"
"333","A2ZSL0EDN3H4AT","lib2"
"334","A2GV9WSNSPX53","lib2"
"335","A2T11H7YI7QPGD","lib2"
"336","A1WL3NZ50YEOWP","lib2"
"337","A19FWZXTGX663T","lib2"
"338","A3ORD55TVUBUGT","lib2"
"339","A198MSVO1VTAT5","lib2"
"340","A2VN8Q8X7WWIM","lib2"
"341","A2SL8R5B6QX4Q0","lib2"
"342","A1T83SZBP2DN65","lib2"
"343","A3EC3OP6U52JYC","lib2"
"344","A32W24TWSWXW","lib2"
"345","A35TUIBF05DKM4","lib2"
"346","A2H1QUGX0SOUMH","lib2"
"347","AXGYIT1GX3YD5","lib2"
"348","A28V5XY8A0R6Q5","lib2"
"349","A2MS1GQLGAX9FZ","lib2"
"350","A341XKSRZ58FJK","lib2"
"351","A2W121DQXNQK1","lib2"
"352","A6KOTWP7N7RLU","lib2"
"353","A3RR85PK3AV9TU","lib2"
"354","ARQR5NIFA1AJ","lib2"
"355","A3BTK49X4ITNXJ","lib2"
"356","AZTYIBLLB60V8","lib2"
"357","A2TDK0LD62WZ8Y","lib2"
"358","A2MCG5W6LHSRG9","lib2"
"359","A1AKL5YH9NLD2V","lib2"
"360","A1C5J40P3I65EI","lib2"
"361","A2AZYU1CT24O0K","lib2"
"362","A25R2OI9L2Q1OW","lib2"
"363","A27W025UEXS1G0","lib2"
"364","A18G2CLYSTENK","lib2"
"365","A2EPBSY0VPI38S","lib2"
"366","A2GW9AEY7SJ290","lib2"
"367","A2137K4XEU12TI","lib2"
"368","AJDXSXAWDDAEO","lib2"
"369","A233LLG8YAXWF","lib2"
"370","APRZ7BR8C0ZMQ","lib2"
"371","A6TSV1WPP3GG3","lib2"
"372","A1UBV2NP7OVDVV","lib2"
"373","A230VUDYOCRZ4N","lib2"
"374","AE63GABJL0FGJ","lib2"
"375","A2O2Q0LVWOWJ1G","lib2"
"376","A2YTQDLACTLIBA","lib2"
"377","A3GEYEPOHA33SP","lib2"
"378","AMDUEMZUK9GJC","lib2"
"379","AWTGJ45ZWUCHH","lib2"
"380","A26TP4HHSINK5E","lib2"
"381","ADY44EV3GCW85","lib2"
"382","A2MUCL20GTQJA0","lib2"
"383","A1UBLIWJ572DMH","lib2"
"384","A3D2KVZO69GSX4","lib2"
"385","A3CSIM8V9IYXM7","lib2"
"386","A2GOYSTIL3LOV1","lib2"
"387","A3OV174HQJIJK8","lib2"
"388","A2IMAGGCST8170","lib2"
"389","A3FSDH6HUZPNQ8","lib2"
"390","AUEJMX0TY8E0G","lib2"
"391","A1SHLWKA0UH1IS","lib2"
"392","A1YW7H9U84E80N","lib2"
"393","A2BNOEYZ3VRW2R","lib2"
"394","A5E2P5F1AXYZ1","lib2"
"395","A3KIDRWRKC7RI5","lib2"
"396","A3VO62XB3T2TLB","lib2"
"397","A2NT3OQZUUZPEO","lib2"
"398","A1VCAMP3XM62R4","lib2"
"399","ADP4KXZZ72DP","lib2"
"400","AW5O1RK3W60FC","lib2"
"401","A1L6PGLE7CIS12","lib2"
"402","A1FG2G9TZSDN","lib2"
"403","A2GMCWY993EEYE","lib2"
"404","A27GH5ITK5BMF0","lib2"
"405","AIA7RZSAONU5M","lib2"
"406","A302KOFOYLD89A","lib2"
"407","A2H8HVANGF4A58","lib2"
"408","A279YSE7NB16M0","lib2"
"409","A2QPMJ4GADLUW2","lib2"
"410","A3I55L67X0MWC4","lib2"
"411","A1BZNPQ0H7ZSER","lib2"
"412","A2M9JNCHRKMCC4","lib2"
"413","A2NVO55DO76R80","lib2"
"414","AZACNY1H74YWS","lib2"
"415","A1Z1O6MMOB3UWW","lib2"
"416","A17J7LP55044EM","lib2"
"417","A19ZWBQT8A3LIR","lib2"
"418","A16K7X677N4WN6","lib2"
"419","A20D9HRB03PITM","lib2"
"420","A1LTV9MGGQCIT3","lib2"
"421","A1XQOZV8LQDM22","lib2"
"422","A3LA5P3N3KI8U7","lib2"
"423","A1TSD3O3C3ZUT6","lib2"
"424","A1CMMZ6AR7NOOH","lib2"
"425","A3QEVFM3UD67BA","lib2"
"426","A2I4PRZ9IZMKON","lib2"
"427","A3KHSD6AHN8TWB","lib2"
"428","A1XH30W7378VUZ","lib2"
"429","A25MZY0FNQAK5H","lib2"
"430","A2NH4DSOLI6VRR","lib2"
"431","A5TWD5QD99GZY","lib2"
"432","A2OS3NGWKOM69E","lib2"
"433","A2N9U74YIPDQ9F","lib2"
"434","A3F8K7ZV8AX8UR","lib2"
"435","A106MX66IVHW6T","lib2"
"436","A1BM57TUNAQIXM","lib2"
"437","A1FVXS8IM5QYO8","lib2"
"438","A3OZ8KF0HWSVWK","lib2"
"439","A31898LQJO7I3","lib2"
"440","ABLXAMHV1IQD5","lib2"
"441","AIHHRINW9IN1I","lib2"
"442","A12X8RUSITV7RU","lib2"
"443","ACKG8OU1KHKO2","lib2"
"444","A3RYI5HXC2MJLN","lib2"
"445","A110KENBXU7SUJ","lib2"
"446","A1W7I6FN183I8F","lib2"
"447","AZV8213BMVMOT","lib2"
"448","AF3GG3JZCJBWN","lib2"
"449","A1M2KOUMT605QW","lib2"
"450","AW8JVJQNLTXND","lib2"
"451","A1CTJ8UT7SF317","lib2"
"452","A33GB614ST7J82","lib2"
"453","A3G0GCV9L0OYJC","lib2"
"454","A2HM35CWB7IIFM","lib2"
"455","A1MJVTR0PCKBWW","lib2"
"456","A2OO4PG3LBLP5I","lib2"
"457","A1FKRZKU1H9YFC","lib2"
"458","AG6WV3WODQ7IN","lib2"
"459","A3LT7W355XOAKF","lib2"
"460","AA9V4NE8SOA4I","lib2"
"461","A314XJY8V1YL12","lib2"
"462","AKMOBFEEKW378","lib2"
"463","A2TLN8489YGY81","lib2"
"464","AZZA3J049G7R5","lib2"
"465","A3W1CKM4PBLRC0","lib2"
"466","A3GVUYY3TWRPZT","lib2"
"467","AA402T4YY1S7N","lib2"
"468","A2IFXO71MXB9GK","lib2"
"469","AOAZMLP27GD81","lib2"
"470","A2JP9IKRHNLRPI","lib2"
"471","AW0K78T4I2T72","lib2"
"472","AJQGWGESKQT4Y","lib2"
"473","A2IP3ZAFYGV8M9","lib2"
"474","A1O0BGHFTMPQM0","lib2"
"475","A3MVVJHNQESGP4","lib2"
"476","A1SISJL5ST2PWH","lib2"
"477","A3EEGNK5UKN9KE","lib2"
"478","A224EAEEF6Q17H","lib2"
"479","A36N9D8OG0VZG9","lib2"
"480","A16Q3MHTM4E825","lib2"
"481","A5NE8TWS8ZV7B","lib2"
"482","A2XVLENAJYX691","lib2"
"483","A2UTDZAZV1DF0N","lib2"
"484","A25AYMSZNDW1VJ","lib2"
"485","A2A5HAPJD18TRU","lib2"
"486","A3MELYYGRJ61SX","lib2"
"487","A1BIJGB7XA0GME","lib2"
"488","A3HVFSD8K94SOR","lib2"
"489","A312HQ3OU0EYTB","lib2"
"490","ALF9AAZGQP4K5","lib2"
"491","A3EUH97BRHRSI6","lib2"
"492","A2H2LO1OOF8R5N","lib2"
"493","A2QCQGZD7T1QNL","lib2"
"494","A25PFSORDO3SWQ","lib2"
"495","AFM65NU0UXIGP","lib2"
"496","A16UAN46CNIRHY","lib2"
"497","A3G9I6N1DPYMTU","lib2"
"498","A1WB6RPYK8VPLK","lib2"
"499","A49MD40UT6ABO","lib2"
"500","ANCCKNF1DKRZO","lib2"
"501","AGILQEFEPEK7N","lib2"
"502","A28RR7H7BMA8IW","lib2"
"503","AV7A20KYBTQHL","lib2"
"504","AVKMFV9CZ0MLR","lib2"
"505","A26RO8GGTQAXGG","lib2"
"506","A1N8TKTLXV92QR","lib2"
"507","A2SWQM5X54P1O5","lib2"
"508","AP9WIQ4P78XLH","lib2"
"509","A1K8QNLYYYX21W","lib2"
"510","A1ATL3G98SFW4V","lib2"
"511","A2QXNIG0GVVXLG","lib2"
"512","A1AZ97YYFVWFGC","lib2"
"513","A3HSONMX6LNZR4","lib2"
"514","A2WNTI69VVVWMZ","lib2"
"515","A3LL096CAY5WHB","lib2"
"516","A3ITZNJQUTIZ4C","lib2"
"517","A1AIMKA54UBYIQ","lib2"
"518","A1XA9UHYMZWUGV","lib2"
"519","A1NCWY01WAAP2K","lib2"
"520","A1I7H6RDJS4EKN","lib2"
"521","ASNMT3I94HZ44","lib2"
"522","A277V4SHQB8JRS","lib2"
"523","A2EJ7U3TZAKROG","lib2"
"524","A1IZ4NX41GKU4X","lib2"
"525","ACGGIBC0P38HU","lib2"
"526","A104HK5ONFNJJT","lib2"
"527","A2MI6AUNBXGL47","lib2"
"528","A2I37S7GQR6X1H","lib2"
"529","AQ2SB9NTVK8NZ","lib2"
"530","A3HNEYFOIJWPH1","lib2"
"531","APO6KZZ79PO9Q","lib2"
"532","A2B2HQHFBYLTXU","lib2"
"533","A2ELXYKRPPGRPB","lib2"
"534","A10O6Q0JU58JIJ","lib2"
"535","A3QUWIT972BYUH","lib2"
"536","APVJEN2541WFB","lib2"
"537","A1UY2W2FL9CWN","lib2"
"538","AFRJKS3Z3H4CA","lib2"
"539","A1GTYHV8OYQQLV","lib2"
"540","A2POU9TTW177VH","lib2"
"541","A2OROMUVBD1NVC","lib2"
"542","AXPZAP62ZYWP8","lib2"
"543","A3DUPRZSMU9W5R","lib2"
"544","A2TXC8Q2IFGRXH","lib2"
"545","A4LIJVRU6DG61","lib2"
"546","A3VDG4N48AVYGQ","lib2"
"547","AFRKVRPZ2RHY8","lib2"
"548","A37T1MVUL5YIC0","lib2"
"549","A1T8EFHGSEE3RD","lib2"
"550","A120PN22KW0VPY","lib2"
"551","AJQ71YIGY01HZ","lib2"
"552","AQTJFPB37TML0","lib2"
"553","A2AAFWAAS9C1QC","lib2"
"554","ANBWJZYU2A68T","lib2"
"555","A1PBFDQR599N3K","lib2"
"556","A1Y25W1Y7KDE5","lib2"
"557","A10249252O9I20MRSOBVF","lib2"
"558","A23FK9ROU0IU4D","lib2"
"559","A2G43KS55YGYQE","lib2"
"560","A14HW0XMI4R2ON","lib2"
"561","A23RL1X2KB6Q34","lib2"
"562","A3T8THFPERMABH","lib2"
"563","A1G34TESSXG1R8","lib2"
"564","A2F5QCUTZU7KF7","lib2"
"565","A13WTEQ06V3B6D","lib2"
"566","A1TXCO12MCTP8P","lib2"
"567","A1CUDX7TTS2W61","lib2"
"568","A770OB1ZAGJ4G","lib2"
"569","A3KH1OG87C8DCM","lib2"
"570","A3QNCW3LR2AVOV","lib2"
"571","A25BRCS2JF0P0A","lib2"
"572","A2AS2Z9P0VV2NP","lib2"
"573","A3UC9N3EEE6733","lib2"
"574","AMW808FJZ6E54","lib2"
"575","A25FJAJGTWFMP","lib2"
"576","A3I0ITCG0HKFFZ","lib2"
"577","A3ISRZC9K01AMZ","lib2"
"578","A1EIVUU0RIGPFT","lib2"
"579","AD4ALUT6LXXBU","lib2"
"580","A30UPXL0E3RY9I","lib2"
"581","A3BUWQ5C39GRQC","lib2"
"582","A2XHD64QUKA5Z6","lib2"
"583","A10AVWALIHR4UQ","lib2"
"584","A53S7J4JGWG38","lib2"
"585","AUVWQ8YDHY3MX","lib2"
"586","AVD6HMIO1HLFI","lib2"
"587","A1G98ADVAQS6FL","lib2"
"588","A2L2E6J3D23CN4","lib2"
"589","A2J1A9GE02VQHR","lib2"
"590","A394JO4NEPCY3M","lib2"
"591","A2F1AA15HG0FRU","lib2"
"592","A1P3HHEXWNLJMP","lib2"
"593","A3IB7YJHP04OHI","lib2"
"594","A1ERMRNNR0CZ2Y","lib2"
"595","A3URLNXHLP4ARU","lib2"
"596","A3BUAODQX3WEZU","lib2"
"597","AXO22N46CSNVT","lib2"
"598","A1DKVUTOBPQH11","lib2"
"599","A32VLTWRJ1EP5T","lib2"
"600","A2U3723LKNMHAI","lib2"
"601","A1BPHW0KCTG34P","lib2"
"602","AK2YUQUFZN1L6","lib2"
"603","A1CFMY4CEYOM8Y","lib2"
"604","A1N53V41FMCR7Q","lib2"
"605","A37XBH865833FE","lib2"
"606","AQOXSP4W3ITSW","lib2"
"607","AVCOBHDVXZOZL","lib2"
"608","A20TOOYZRH6KUZ","lib2"
"609","A30X66H0RILXAH","lib2"
"610","A5TI9UQEPLNWI","lib2"
"611","A1CFPKUOCGJIM6","lib2"
"612","AEXA1CPBHT85H","lib2"
"613","A2ONILC0LZKG6Y","lib2"
"614","AQ2U4H38MELRY","lib2"
"615","A2NKW6JBEM4LL4","lib2"
"616","ANFWGSQ8BQRZ","lib2"
"617","AKNYT1NTK2UFK","lib2"
"618","A1MO35UIZFW1BR","lib2"
"619","A1S8KMGKJACGVO","lib2"
"620","A1FGKIKJYSL1MI","lib2"
"621","AT6LDQNLKTUSE","lib2"
"622","A183WYXN12P2TJ","lib2"
"623","A1FS8SBR4SDWYG","lib2"
"624","AFVY38VJYS1ET","lib2"
"625","A397HP5TSIF2LO","lib2"
"626","AKDZG54PT6YZ4","lib2"
"627","A2BICWCPAW5N7O","lib2"
"628","A16KIS81ZPTTKL","lib2"
"629","A1B9H14AV44C0G","lib2"
"630","A1N1ULK71RHVMM","lib2"
"631","A2JUELKWP5O5FB","lib2"
"632","ACJNWSBIVI46H","lib2"
"633","A77K8W55MJEKX","lib2"
"634","A2HHGI5CNSS5PD","lib2"
"635","A1NLJ1L4VCQYV2","lib2"
"636","A3VEF4M5FIN7KH","lib2"
"637","A1RTD65R1H8MQW","lib2"
"638","ANHO7XT3KW3IY","lib2"
"639","A80X2FTFDSR19","lib2"
"640","A2JHF7CU91EVXW","lib2"
"641","A2W434UNNBRS4L","lib2"
"642","A3493E42N1JZVF","lib2"
"643","AYYBMS4XQJ9AP","lib2"
"644","A35UAZ5IKU14XW","lib2"
"645","AKEMS83MHQJQO","lib2"
"646","A2GO0EY5FW18AG","lib2"
"647","A2C7VPGUGY5RAE","lib2"
"648","AQOCU4H3V27H8","lib2"
"649","A3BWZ6V34W8SXX","lib2"
"650","A2CS67AX8RPJUB","lib2"
"651","A1T0ND039EWAVV","lib2"
"652","A3PNJO5PQF54I5","lib2"
"653","A28HB7240OFGEW","lib2"
"654","A25N802S4J344I","lib2"
"655","A2GK11SPBF73C6","lib2"
"656","A3OHYXTHW11HS7","lib2"
"657","A2OVX9UW5WANQE","lib2"
"658","A3DKYNYN50FYFY","lib2"
"659","ADKBTSKPX195Q","lib2"
"660","AK1GE19RT3PK6","lib2"
"661","AC345Z4TYHYVO","lib2"
"662","A3135Y3RMFC3PK","lib2"
"663","AL7UTA8J27TFK","lib2"
"664","AQXRHIMQ7UK7O","lib2"
"665","A1NIKHUA79SWGD","lib2"
"666","ARD4G7288R1JO","lib2"
"667","AYTH0E5PUXWX8","lib2"
"668","AWNR2FOWI73GL","lib2"
"669","A1VJAEPNA6YARO","lib2"
"670","A1K2R6FBPUA5TQ","lib2"
"671","AZCGF2D7QIO10","lib2"
